{"cameraMode":{"drawMode":0,"name":"Shaded","section":"Shading Mode"},"sceneLighting":true,"audioPlay":false,"sceneViewState":{"showFog":true,"showMaterialUpdate":false,"showSkybox":true,"showFlares":true,"showImageEffects":true,"showParticleSystems":true},"in2DMode":false,"pivot":{"x":0.12242412567138672,"y":-1.8435440063476563,"z":-0.919018030166626},"rotation":{"x":-0.20004287362098695,"y":0.7673956155776978,"z":-0.28518450260162356,"w":-0.5382905602455139},"size":18.436552047729493,"orthographic":false}